{"cameraMode":{"drawMode":0,"name":"Shaded","section":"Shading Mode"},"sceneLighting":false,"audioPlay":false,"sceneViewState":{"m_AlwaysRefresh":false,"showFog":false,"showSkybox":false,"showFlares":false,"showImageEffects":false,"showParticleSystems":false,"showVisualEffectGraphs":true,"m_FxEnabled":true},"in2DMode":false,"pivot":{"x":-0.06839928030967713,"y":0.6023834347724915,"z":0.016248106956481935},"rotation":{"x":-0.02646416798233986,"y":-0.9733471870422363,"z":0.1699066162109375,"w":-0.15192687511444093},"size":0.6263153553009033,"orthographic":false}