{"cameraMode":{"drawMode":0,"name":"Shaded","section":"Shading Mode"},"sceneLighting":false,"audioPlay":false,"sceneViewState":{"m_AlwaysRefresh":false,"showFog":false,"showSkybox":false,"showFlares":false,"showImageEffects":false,"showParticleSystems":false,"showVisualEffectGraphs":true,"m_FxEnabled":true},"in2DMode":false,"pivot":{"x":0.006487131118774414,"y":2.1887378692626955,"z":0.02733665704727173},"rotation":{"x":-0.02646416798233986,"y":-0.9733471870422363,"z":0.1699066162109375,"w":-0.15192687511444093},"size":3.550107002258301,"orthographic":false}