{"cameraMode":{"drawMode":0,"name":"Shaded","section":"Shading Mode"},"sceneLighting":false,"audioPlay":false,"sceneViewState":{"m_AlwaysRefresh":false,"showFog":false,"showSkybox":false,"showFlares":false,"showImageEffects":false,"showParticleSystems":false,"showVisualEffectGraphs":true,"m_FxEnabled":true},"in2DMode":false,"pivot":{"x":-0.07321608066558838,"y":2.9086523056030275,"z":0.20408368110656739},"rotation":{"x":-0.012567359954118729,"y":-0.985258162021637,"z":0.1498144418001175,"w":-0.08247675001621247},"size":3.812572956085205,"orthographic":false}