{"cameraMode":{"drawMode":0,"name":"Shaded","section":"Shading Mode"},"sceneLighting":false,"audioPlay":false,"sceneViewState":{"m_AlwaysRefresh":false,"showFog":false,"showSkybox":false,"showFlares":false,"showImageEffects":false,"showParticleSystems":false,"showVisualEffectGraphs":true,"m_FxEnabled":true},"in2DMode":false,"pivot":{"x":-0.0006430149078369141,"y":2.8970980644226076,"z":0.21408340334892274},"rotation":{"x":-0.04323330149054527,"y":-0.9513606429100037,"z":0.1578611582517624,"w":-0.261279821395874},"size":4.500846862792969,"orthographic":false}