{"cameraMode":{"drawMode":0,"name":"Shaded","section":"Shading Mode"},"sceneLighting":false,"audioPlay":false,"sceneViewState":{"m_AlwaysRefresh":false,"showFog":false,"showSkybox":false,"showFlares":false,"showImageEffects":false,"showParticleSystems":false,"showVisualEffectGraphs":true,"m_FxEnabled":true},"in2DMode":false,"pivot":{"x":-0.014195561408996582,"y":2.9367122650146486,"z":0.07229161262512207},"rotation":{"x":-0.012567359954118729,"y":-0.985258162021637,"z":0.1498144418001175,"w":-0.08247675001621247},"size":3.9111201763153078,"orthographic":false}