{"cameraMode":{"drawMode":0,"name":"Shaded","section":"Shading Mode"},"sceneLighting":false,"audioPlay":false,"sceneViewState":{"m_AlwaysRefresh":false,"showFog":false,"showSkybox":false,"showFlares":false,"showImageEffects":false,"showParticleSystems":false,"showVisualEffectGraphs":true,"m_FxEnabled":true},"in2DMode":false,"pivot":{"x":0.006892800331115723,"y":2.9117770195007326,"z":0.3796534240245819},"rotation":{"x":-0.05903363600373268,"y":-0.9286633133888245,"z":0.1684066504240036,"w":-0.3253873288631439},"size":3.7666618824005129,"orthographic":false}