{"cameraMode":{"drawMode":0,"name":"Shaded","section":"Shading Mode"},"sceneLighting":false,"audioPlay":false,"sceneViewState":{"m_AlwaysRefresh":false,"showFog":false,"showSkybox":false,"showFlares":false,"showImageEffects":false,"showParticleSystems":false,"showVisualEffectGraphs":true,"m_FxEnabled":true},"in2DMode":false,"pivot":{"x":0.000004822388291358948,"y":0.028965897858142854,"z":0.0020657817367464306},"rotation":{"x":0.00018719387298915535,"y":-0.9989079236984253,"z":0.04829143360257149,"w":0.0030298864003270866},"size":0.03669276088476181,"orthographic":false}